<?xml version="1.0" encoding="utf-8"?>
<databaseChangeLog
        xmlns="http://www.liquibase.org/xml/ns/dbchangelog"
        xmlns:xsi="http://www.w3.org/2001/XMLSchema-instance"
        xsi:schemaLocation="http://www.liquibase.org/xml/ns/dbchangelog http://www.liquibase.org/xml/ns/dbchangelog/dbchangelog-3.5.xsd">


        <changeSet id="202109151625" author="AdrielSkt">
            <createTable tableName="SITUACAO">
                <column name="ID" type="int" remarks="id da situacao" autoIncrement="true">
                    <constraints primaryKey="true"/>
                </column>
                <column name="SITUACAO" type="varchar(20)" remarks="tipo da situacao">
                    <constraints nullable="false" />
                </column>
            </createTable>
        </changeSet>

</databaseChangeLog>