<?xml version="1.0" encoding="utf-8"?>
<databaseChangeLog
        xmlns="http://www.liquibase.org/xml/ns/dbchangelog"
        xmlns:xsi="http://www.w3.org/2001/XMLSchema-instance"
        xsi:schemaLocation="http://www.liquibase.org/xml/ns/dbchangelog http://www.liquibase.org/xml/ns/dbchangelog/dbchangelog-3.5.xsd">

     <changeSet id="202109151637" author="AdrielSkt">
         <insert tableName="SITUACAO">
             <column name="SITUACAO" value="Em Espera"/>
         </insert>
     </changeSet>

    <changeSet id="202109151658" author="AdrielSkt">
         <insert tableName="SITUACAO">
             <column name="SITUACAO" value="Realizado"/>
         </insert>
     </changeSet>

    <changeSet id="202109151659" author="AdrielSkt">
         <insert tableName="SITUACAO">
             <column name="SITUACAO" value="Cancelado"/>
         </insert>
     </changeSet>
    <changeSet id="202109151700" author="AdrielSkt">
         <insert tableName="SITUACAO">
             <column name="SITUACAO" value="Adiado"/>
         </insert>
     </changeSet>
</databaseChangeLog>